,A,B,C,D
2000-01-01,0.7442785235661848,-0.189514026137515,-0.9368885481882143,-0.643441625587311
2000-01-02,0.8518393130330373,0.22796092637595794,-1.5700643015439435,-1.1294120013557092
2000-01-03,0.8736697359786847,1.2051106598516095,-2.1881424856456695,-0.9223505523177857
2000-01-04,2.895030278216692,1.3420096610976415,-1.147332480908385,-0.44172992096618036
2000-01-05,2.2795272069679364,2.0505945395923626,0.4171708044324771,-0.755266173362207
2000-01-06,3.8654004405516833,1.1257960837074534,0.33528705942648845,-1.2070205640048237
2000-01-07,2.071795885324792,0.49003132873226884,0.8166749142154828,-1.8828815192397457
2000-01-08,2.1328363124840632,1.6256069436359555,-0.5321023922583463,-2.098517191725346
2000-01-09,2.6186118874694695,1.8308826889468115,-2.1523615146616457,-0.8985900542149747
2000-01-10,2.8029146655896264,2.0142200789140032,-1.3244022711891414,0.9806216489440747
2000-01-11,2.664531553665098,1.4528807592207658,-2.6475965573166644,1.0686919065767984
2000-01-12,2.696484103864437,3.2092296878141218,-2.146304595731517,1.6521610833490972
2000-01-13,2.656712999068724,0.2888071724123673,-1.715903701261957,1.0237605847582674
2000-01-14,2.949637636339323,-0.23226450003706933,-1.1433514349653757,2.642519361697997
2000-01-15,4.625148868544592,-1.4154012609501596,-1.0604791561858407,2.130014881181496
2000-01-16,4.392791089705704,-0.11348821786405261,-0.05437017023224677,0.9032609652542865
2000-01-17,2.9034039391623994,0.08025036552048342,-0.8449882662891497,0.4690740096704463
2000-01-18,4.88785033144282,-0.03208208892599253,0.5504651752632987,0.8977806907770169
2000-01-19,3.838635095504647,-0.4403608684958502,0.7777276745394216,0.9874499231998752
2000-01-20,4.177584230938776,1.2800769332812936,1.375979110687803,1.1229837644656724
2000-01-21,3.945818461454399,0.1854389693346965,2.779238132559838,0.3542400197376794
2000-01-22,2.571237198794851,-0.24177299427285748,2.345337646476064,1.5412427429399664
2000-01-23,1.5737614794229444,0.9752162166353853,2.4514504377391058,1.4120471757815658
2000-01-24,3.694017662267001,1.7807200754214279,0.5825604029072851,0.5534858888532344
2000-01-25,2.7698985376737295,0.9801794267477832,1.74297908646968,1.5859669507561356
2000-01-26,2.7188259678308198,0.2857335284577678,2.381402118616486,2.0221720081580803
2000-01-27,3.7352323885048246,-0.21902044817435085,2.746573395423259,1.597559280582344
2000-01-28,2.7585464295186175,0.2823463593712724,3.4644436798316294,0.5813828848043743
2000-01-29,2.1483773720881745,1.07524511072,2.5649203677602044,0.9559100985815049
2000-01-30,4.220495845444674,3.7826502958971857,2.8642936742794554,-0.184392926486585
2000-01-31,4.043124687890024,3.6207006084344098,1.456011014035755,1.1495079889381117
2000-02-01,4.075838878844045,5.4551144849414515,2.881922211416442,-0.025797000439341966
2000-02-02,3.357520387494006,6.394811229336589,2.987791611802873,0.5116285733589412
2000-02-03,4.351284745611497,6.596846049374319,2.880674616216367,0.38367953762993
2000-02-04,5.2803911461296416,5.3529669475074595,2.372855431915907,-0.1794341651771718
2000-02-05,6.6402231528199716,7.19862270577334,2.0142799200690362,0.4974695992385526
2000-02-06,5.775253989574524,7.677063167873106,1.5930509821519636,0.6421016129017763
2000-02-07,6.837757932856562,7.632995662403728,0.22748869680123796,2.8873768944490568
2000-02-08,7.533465821063929,8.665963849116514,0.5689126471630519,3.5476687696969265
2000-02-09,7.797055656811449,7.048529521098744,-0.5868119773513514,3.5233010129502267
2000-02-10,6.383887089556361,8.655099845992133,-0.9790732282766149,3.6480174525108455
2000-02-11,7.037666572456869,7.990326962696386,-2.1095113207574667,2.842462762103191
2000-02-12,6.948190281181182,9.009625316947108,-0.946341946673084,4.225281357182692
2000-02-13,8.019377236162633,11.498835954888898,-1.2927481982277023,3.20454557611482
2000-02-14,7.284354563697559,11.826326085150859,-1.5755474756530334,3.4776136223910106
2000-02-15,7.73788625421208,10.546186468420284,-0.19215857669874903,2.468945608607931
2000-02-16,6.216084553004216,10.805105602271675,0.8229504751519305,3.088742987137911
2000-02-17,6.144946278840892,10.044370617720654,1.2048918597778537,2.350026256419688
2000-02-18,5.175299589945906,10.872240732716248,1.561921509040996,1.867915219540228
2000-02-19,5.4640848738762635,10.295134154946993,1.5557672949395345,2.4633293971127257
2000-02-20,7.011555093194791,11.388473388699351,1.6208357893982477,1.88906828413778
2000-02-21,7.028262230708444,11.805654320295416,2.070776776309404,0.4717353865355247
2000-02-22,8.407123771935499,11.333001138634097,2.26021648080609,2.8759451135644754
2000-02-23,8.64420546599428,9.771594072440594,3.132200452539835,2.26823371706974
2000-02-24,9.064305085634622,10.731893787830309,3.3189187790658052,2.057886590869942
2000-02-25,8.13658544342478,10.24058947594874,3.4410487986913703,5.244471592133392
2000-02-26,7.649360898782818,11.229547456216531,3.4311616767435464,5.227856992648748
2000-02-27,8.582885317210785,10.089408408095718,4.085143183186583,5.587069079527238
2000-02-28,9.08098489082942,9.641694774687855,3.305971292444831,7.0487206919362215
2000-02-29,8.397651459957952,10.59373402176852,2.640147869495175,6.460298192757746
2000-03-01,8.840197150871306,9.284189322474838,2.71560149376167,6.493918523683263
2000-03-02,8.93095512360667,8.40736595162564,1.8473580562209193,5.033001076075055
2000-03-03,10.485761162731166,9.050729247279154,2.5053290033420654,6.247800433154117
2000-03-04,10.161639582757022,8.426127797695113,0.8587859128088908,6.546792865363742
2000-03-05,10.613773007111128,9.021164797821939,1.6959565946522035,7.419639930395206
2000-03-06,9.29303948927056,8.69147949525915,1.196072187904413,8.22192805314155
2000-03-07,10.296489720176444,8.84090706263598,2.188956768691124,6.3549999702287066
2000-03-08,10.588143580461452,9.383356349459072,1.8695856828856536,7.710742818761008
2000-03-09,9.344196876792846,8.447058620579687,1.2313702901938894,7.23557870668396
2000-03-10,10.822802387180667,7.99854739963749,2.128558375416036,6.651818299080109
2000-03-11,13.008374900414362,9.31125135721879,1.8755218095456574,6.254714555142482
2000-03-12,12.874989797720158,8.389645042102632,1.966522597973319,6.624362952694149
2000-03-13,12.563362168938966,9.45804544524347,2.1672523886002764,6.579344673562409
2000-03-14,12.40983662204037,9.703335674860856,1.2847941206916693,7.0367726544080185
2000-03-15,12.216345496034124,10.201006157794444,2.873160569611131,7.493474008075791
2000-03-16,12.44886834646469,8.826462858310208,2.5541744971933102,7.651378927433387
2000-03-17,10.70097451783001,8.075355006391325,4.089301349586068,10.287025424498998
2000-03-18,10.820035586934887,9.558418757806201,2.3242998884739627,10.584846758455182
2000-03-19,11.438726679349797,7.1027670817121855,1.4761265300411557,10.717207692892812
2000-03-20,10.298668866535687,7.592910242183865,1.7732698374750604,9.178909314958346
2000-03-21,10.206360024001665,8.241268041222954,0.7833738021937351,10.87602501583045
2000-03-22,9.779484786316647,7.788359788057757,1.4466853155984385,10.915243309436063
2000-03-23,11.949976584477604,7.909075464118619,3.100055435694766,10.509107966230646
2000-03-24,14.1011536096995,8.368231465030247,4.290370233018497,9.709001961053142
2000-03-25,14.376713402483633,9.490203566838053,4.527429589145955,10.12234257812596
2000-03-26,15.456671099290906,11.546880291847634,6.684280503639256,9.867198941214005
2000-03-27,15.335077364144663,12.359060110416351,5.592410749955519,9.039394944406633
2000-03-28,15.856091308647482,12.118696989522746,5.219294950802608,8.945287990899796
2000-03-29,14.780005193945625,11.465842441205536,5.908947218069931,9.038363276009914
2000-03-30,14.190302761483835,10.606992998625891,6.438183770843186,8.111812397666311
2000-03-31,15.43760078868005,9.26816903982534,6.181586392633768,8.496530462917397
2000-04-01,15.345542748978868,8.343187751857583,5.880176460937582,8.260443495917631
2000-04-02,14.689853845869903,8.120864598182187,7.620654224570468,7.345821198110558
2000-04-03,15.317751867395387,10.29372649958887,8.391191983690588,8.018132322636728
2000-04-04,15.845553273229928,8.907848868334401,10.38321845603193,7.275056623983362
2000-04-05,15.69445156062146,8.544158541477582,9.605579700005448,7.407534898680546
2000-04-06,15.668322123473098,7.901044276825871,8.938198421943783,6.8038451649840015
2000-04-07,16.259006981546978,8.178848084161235,8.820360655197963,7.257168388505477
2000-04-08,18.4906953604882,7.806888065798116,7.843055609267832,7.330086110328563
2000-04-09,16.12390428847048,8.772454857459223,6.617877834316237,6.5907715920767425
2000-04-10,15.285180838726077,7.677660066463394,6.553501217668355,6.843406164401421
2000-04-11,13.736213451413317,9.46259047773757,5.4136979195211055,7.296810902161514
2000-04-12,12.695659532299063,10.510314712951986,6.66183420451408,7.790746032029611
2000-04-13,12.975299711715094,11.780193508455081,5.889610386667313,7.082440882604497
2000-04-14,13.61246009193049,13.299927791015033,5.090894131507907,7.713760416862449
2000-04-15,14.252515106191783,12.634721945930877,5.8934661786079605,8.459508830104443
2000-04-16,14.82238350807208,11.656772268223397,5.05952436171873,9.07065606800643
2000-04-17,15.121778517551016,10.17767019597658,3.549844786581166,9.431311307924693
2000-04-18,16.26729443238747,11.128160584496293,3.649068241098804,9.151516215008293
2000-04-19,15.926663431698254,11.21027081150969,4.4348430436181365,9.664880618635202
2000-04-20,16.806039521355476,10.235531686929937,3.6917435122148787,10.224859477312629
2000-04-21,15.392497236895476,10.799371656977236,4.429096453978853,9.842110209452882
2000-04-22,14.908358215685622,12.183050319673677,4.299156459782358,9.510869198737241
2000-04-23,15.033534489755663,11.025933810164423,5.67624393894614,9.534238158107746
2000-04-24,14.796005273478324,9.926772688431454,4.156769266033122,9.650294238318061
2000-04-25,15.923057160467767,10.688490995460885,4.593567336270218,8.05837651797408
2000-04-26,16.963762113772397,11.604723588345506,3.685636104022374,8.004977654097136
2000-04-27,16.728283786870758,11.816496688953276,4.34531366424147,6.02521667053391
2000-04-28,17.89526993003477,11.687036890894795,5.118779855740232,5.740906632061695
2000-04-29,16.397715174320282,12.735665998761956,2.8534794800339554,5.782147887047325
2000-04-30,15.663366671161496,12.92920188138858,4.162340093104554,6.570363564487617
2000-05-01,15.490241163231065,12.913329340035128,5.24121390544615,7.3906394497847145
2000-05-02,15.722360074615453,11.521449282339608,5.049929837427855,6.146157554539425
2000-05-03,16.4031468786448,12.17251683513028,6.157131571924845,5.924806148428188
2000-05-04,15.651509820398601,11.117204191271075,4.4469719986540515,5.247251544918022
2000-05-05,15.824294618570946,10.32240081583077,4.816156621688713,5.64921581400896
2000-05-06,15.235219732649924,10.127458435652535,6.095476673870328,4.665725854198206
2000-05-07,14.968737175783867,7.537187481266943,5.797032796309534,3.896597745824752
2000-05-08,14.271882334077425,7.238027526947536,6.167875687299581,4.3197395279132165
2000-05-09,13.500566604378522,7.945205521580177,7.2139482001167305,4.407338352877121
2000-05-10,13.403310744358611,7.324499486848188,6.580730221661987,4.78797381585831
2000-05-11,14.89121980104669,6.526910589553543,5.910999870505514,4.13473802272617
2000-05-12,14.109230580180563,6.768736752919635,6.45891905118478,2.6286633927434866
2000-05-13,14.863828359528979,6.9189718670019245,6.285382287595257,4.6431382668420245
2000-05-14,14.695934184767715,5.292590417104767,4.523747591820009,6.50647405688801
2000-05-15,17.5735309745057,4.687525394087586,4.717630624700095,8.022305311788678
2000-05-16,17.641527367431927,6.285282316945423,5.397678920466351,7.535859432280978
2000-05-17,17.452866746168443,5.277572238156898,6.647176992368767,7.0976044614231215
2000-05-18,17.19811381272785,4.15221626392421,7.071132608052318,6.60518862317406
2000-05-19,17.705717755870516,2.83301404542435,7.1002577198397905,6.98188076151538
2000-05-20,15.463575559811812,3.1704194362770464,7.606475148983328,7.564613351469798
2000-05-21,16.1834379513492,3.402835991499607,9.317680848248273,7.572043773295391
2000-05-22,16.5386271949701,4.423946237913901,9.378336881828409,7.875947196774938
2000-05-23,17.907976061262897,3.366774526761532,9.078275383540106,7.635479813041022
2000-05-24,18.993764658503935,3.3559358311788308,10.274882257674593,8.288059026486431
2000-05-25,18.961153756681465,4.650304515641492,9.595598429822807,7.976562870197371
2000-05-26,19.361791796378988,3.7609340618914295,10.989620622651284,7.250616098298954
2000-05-27,18.742965373366385,4.0118119364365254,10.572021285724038,10.081970229483948
2000-05-28,19.31132421711516,3.2638773944552253,10.749284023822925,9.221774141655803
2000-05-29,18.759047739594294,3.4858039441867903,10.771839473598563,8.859603875801337
2000-05-30,19.87715567796624,4.446329279029178,10.161707437994902,8.15119464378283
2000-05-31,19.733444235674867,4.124233518017496,8.991646558284817,6.670759966430057
2000-06-01,20.392916669820195,2.6197278897377503,8.412842553309273,6.0800742730017925
2000-06-02,21.14809173602599,3.5084372955629353,9.061413111922837,8.001885492530832
2000-06-03,20.408511584301532,3.825559744489678,10.843326060793439,7.218986485040604
2000-06-04,17.60341880496175,4.601645696264154,9.87190606842131,7.1423593591911905
2000-06-05,18.04236472988312,5.050762730354349,10.922213542026228,7.441304114995717
2000-06-06,16.31923203620527,5.828797479209979,11.598234838085606,6.450979275375244
2000-06-07,16.147244221681785,7.343692896887786,11.694913342352256,7.222264020501882
2000-06-08,16.56621212373554,6.860144889108483,10.291850820971298,6.762669806765824
2000-06-09,16.803638951749086,5.836941477517653,8.326139714601421,6.629388442494832
2000-06-10,19.113756110240324,7.116076219622753,10.412601814812463,6.6180160872369616
2000-06-11,18.42276199781978,6.602838324221663,10.159179249147478,5.3502125185968605
2000-06-12,19.065995349930986,6.460387056380937,8.218011696850585,5.292681355987409
2000-06-13,18.414369059061986,6.0985262124063775,9.103621625319748,6.900409797954371
2000-06-14,20.256588139597667,8.26214570125411,11.289546334161054,7.988112626056888
2000-06-15,20.820716512122765,10.277843387260083,10.83310871154303,7.918911868730621
2000-06-16,21.37428534757894,8.870040537111981,12.256894895004264,7.2893405108528375
2000-06-17,22.821439964876323,8.981430748146446,13.082865888190433,6.9985153982466155
2000-06-18,21.355517261665696,9.077543626487124,10.874511270376958,6.493247711982537
2000-06-19,22.373948636396694,8.907285217551346,10.773196973228789,5.954043736932628
2000-06-20,22.19263067278223,8.998316204800162,9.5216701801756,5.238095046085489
2000-06-21,22.313363237321337,10.330806980061976,10.208424103380478,3.5729488319736165
2000-06-22,22.008296521566685,9.910137896915758,11.060586371286092,2.0419570976616246
2000-06-23,24.141227103952584,11.105145417362415,11.170798580166778,2.9330587783128275
2000-06-24,25.000065912925525,11.783702683752855,10.810371077777127,2.0842381521910447
2000-06-25,23.305979452848025,12.71396272969797,11.90940321084772,1.637767499565861
2000-06-26,23.329271125419268,13.585629103086807,12.28125497902544,0.925539672740981
2000-06-27,24.939308024460594,14.659289776054786,11.914285575820331,2.1478823812303407
2000-06-28,25.488016866171684,16.006193678347987,12.486048850732898,2.8493635423837613
2000-06-29,24.681499422104533,16.871653685927072,10.854724530745647,3.7567116919910983
2000-06-30,25.111969343112822,16.380839784866907,12.361855540788879,2.0425754271717103
2000-07-01,24.03021940606107,16.759898119869565,11.350111504052295,0.543781578761263
2000-07-02,24.50405735745525,17.537480328951926,10.731141026592768,-0.517834214663476
2000-07-03,23.20300833652062,17.732577183365432,9.47363664391031,0.058300541640755044
2000-07-04,24.268666301726967,18.359916840967106,9.03876183980765,0.21912329585910437
2000-07-05,22.369892764941305,18.15723561183569,9.123970817593113,0.1173418811019668
2000-07-06,24.206791248567853,18.41859252031767,9.861523421601959,0.8322730216117349
2000-07-07,25.42278279898988,18.90503257625198,10.093064101802282,1.9055814884263302
2000-07-08,26.51432057711337,17.371452393459474,9.32394292444146,3.315705855746047
2000-07-09,27.070425957861787,16.643803867216786,10.475541796089125,4.755517009471067
2000-07-10,28.05063863856833,16.235825218178768,11.200269912422774,4.584450393577006
2000-07-11,28.22212465755345,16.111302447843904,11.838341623282503,1.7052648507955066
2000-07-12,27.362213968354517,16.244136526149532,12.91143026555005,0.5937952069574746
2000-07-13,26.788585030121627,16.54252249864971,12.557573250471597,0.38793600421377716
2000-07-14,25.795287777576988,15.205531393825115,12.78588720649893,0.9612892534441774
2000-07-15,25.89657093862717,16.412169983967562,11.876801893699763,1.7091606125326326
2000-07-16,26.94367320365212,16.547526590197002,12.961455955961663,3.099697880045274
2000-07-17,26.307971059938776,17.061739941205904,14.484392619032901,4.026909531799457
2000-07-18,25.699192177407518,17.338774792837366,15.446283578446318,3.9219977847597574
2000-07-19,25.489651832715587,17.433420801593716,14.512240765354022,6.022751117545605
2000-07-20,23.90509180906625,18.35463881647886,14.306087717509222,4.172159416090886
2000-07-21,22.945042762941963,17.499758623521217,13.011695268103965,3.569100608176055
2000-07-22,22.090339145941112,17.757384306459436,14.296554015775635,3.3061097167695497
2000-07-23,22.026509660956535,17.668331989677874,14.398036201681528,4.791595492718221
2000-07-24,22.05157597047891,18.134394623697307,14.30085842368293,4.405769817189975
2000-07-25,20.702169041538557,18.89980052259972,14.91429354838703,5.477822063546706
2000-07-26,22.103577744955253,19.53473521042069,13.94507887347807,4.780154958841304
2000-07-27,22.237001957305196,19.85690742337417,14.51368288256233,3.915625207660552
2000-07-28,23.49302911415136,21.145341817769133,15.446818894164052,2.2433870827661226
2000-07-29,24.166436875934668,21.39333849092493,14.338734661133573,1.741615617285713
2000-07-30,25.362354171252964,19.868642727514302,15.71201726126412,2.3739848645613675
2000-07-31,26.32889183411296,20.659934225088758,15.759841017570544,3.489445197599984
2000-08-01,26.117889508326535,20.05308558004901,15.358283914172889,5.168108166314292
2000-08-02,26.106470918322135,20.788767567784767,15.802417373246122,4.549507973009548
2000-08-03,27.311873586897065,18.561648965091877,15.491827918616087,4.682564676788557
2000-08-04,28.506520820452153,18.506654603199838,15.801554099755855,3.2730377975980476
2000-08-05,28.885657213169164,16.768544278531554,15.635948445305825,4.239026109465462
2000-08-06,29.95044351549571,16.100311500404626,17.460725387595744,4.1142526621888535
2000-08-07,29.340599323132032,17.364543504676664,19.190869265147285,3.6939032915425565
2000-08-08,29.696541945185622,15.455792269226189,19.47522497125072,4.083942605763362
2000-08-09,28.140739846867408,14.58416432019389,18.591202400541274,4.208204357760954
2000-08-10,29.197516193616085,14.914448007737969,17.947390697015447,1.7781591182445342
2000-08-11,30.87118350726253,17.288168994932448,17.241030993970533,2.3327402976180616
2000-08-12,30.479378354428558,15.751067888241378,16.90546429747512,2.700691054292377
2000-08-13,29.33928114012819,14.074176763093028,16.7913296506227,3.468242208098271
2000-08-14,29.235969252827577,14.724286996829115,16.529553687529088,2.7158405580398526
2000-08-15,30.06421492621749,16.86384411829917,16.20199947187208,2.1039212313455353
2000-08-16,31.58480524841794,17.96267707363087,15.262216946333284,1.9184756754789758
2000-08-17,31.47452453272808,16.449446822442248,16.700831051640215,2.004801323967002
2000-08-18,32.14075707611546,16.965146379455785,14.25176916275093,1.8357924975242441
2000-08-19,33.060697426612776,17.007569139868,15.36671317169558,1.6030934073667968
2000-08-20,33.97969824499238,17.856910142743228,16.227223371728428,1.883184791723497
2000-08-21,32.49411711941958,19.37716996820775,16.443462910587428,0.8158119396085761
2000-08-22,31.720496919896654,18.180040711055486,17.51354641858111,1.533819093558567
2000-08-23,31.132833651794357,17.761500117472913,15.697874870946356,1.7699870272861453
2000-08-24,30.9874599088455,18.066168112654264,17.04491601973517,1.7012043106019974
2000-08-25,29.504315099225842,17.89039149676125,18.627842364370686,0.8417580584014233
2000-08-26,30.409215984574917,17.349015890931437,18.332209540481937,2.6366155109027747
2000-08-27,31.676584287934922,15.843569907080472,18.47191722427645,3.4084258907153044
2000-08-28,31.41251634914704,15.221115624384367,19.395332358392672,3.5506703350815507
2000-08-29,32.551683901803386,14.523555523060503,20.50840467901914,3.1017772877924585
2000-08-30,31.44100844442096,14.734035667441873,21.2289736503632,3.1862053121200025
2000-08-31,30.4241695227747,14.608872537179494,20.6002690403336,2.486244927874061
2000-09-01,30.207694167038696,15.957337046107604,22.060377514668957,2.116401499559401
2000-09-02,30.609685672940905,16.482044427664093,20.76838138514916,1.6694499470068764
2000-09-03,28.974865980417764,16.476961195756516,19.15667494479016,-0.4948021994271026
2000-09-04,30.290646945781354,16.254361971045444,18.33077802788924,-1.4200074238844853
2000-09-05,29.726565553863477,16.230397949716867,17.55709559392347,-1.8015427306681993
2000-09-06,28.474041978616828,15.428509950690682,16.935856166396164,-2.304625510574926
2000-09-07,28.74803540290001,14.994190878990574,16.075926234172854,-2.6329439788524316
2000-09-08,27.595024727466296,15.103015241754882,16.96490537263884,-2.660721187719947
2000-09-09,29.45352152888264,14.296359827833161,16.006958559480594,-3.4002091484823884
2000-09-10,28.613971325744647,12.638232294630997,15.392779024890944,-1.7263145552489974
2000-09-11,29.68608934537074,13.489681693011326,14.15874753307315,-0.11332506222455363
2000-09-12,29.626431315152015,12.08337535913426,13.763391612706645,-0.17307020870885031
2000-09-13,28.68515195850402,12.485045235458141,14.070834584392227,-0.5535701667867765
2000-09-14,29.115992210997963,11.97995013860272,13.693927377872736,0.8310161329903532
2000-09-15,29.52605494756687,10.078911989406347,13.301190883293845,1.4733348361537544
2000-09-16,29.540072230624148,10.038319398235378,11.965039800254496,2.117786939145379
2000-09-17,29.31151454879936,9.89365794620178,10.769755234925439,4.632329994233767
2000-09-18,29.492733221437405,8.438212188880783,11.344316045132597,5.448141078981983
2000-09-19,29.273049928851535,7.766843350808608,11.64841619402697,4.734274722933919
2000-09-20,27.849805030178146,7.389516314877994,10.492595811188558,3.3421700347640773
2000-09-21,26.424885593572522,8.277163973445882,11.866936903075366,2.502474987064912
2000-09-22,27.919855072270845,7.0568152742096935,9.368042371450493,2.1663635551039673
2000-09-23,28.82355875761675,5.7869229420179815,8.966531929402633,2.4894529369619613
2000-09-24,27.95111963264,6.20689070475663,10.4466247776723,3.4438493271555672
2000-09-25,28.087137771126507,5.86507105135689,10.361632466222067,2.796973945031481
2000-09-26,28.74049005686222,5.121646390762699,10.418425725232565,4.079835929002615
2000-09-27,29.156342682034552,4.4696053310087045,10.496189385651872,3.994202918623908
2000-09-28,28.409025721071792,4.953317142619828,8.51958016797785,3.298218592012757
2000-09-29,26.873572973215047,6.230672447761885,8.770415605982409,3.172712960955956
2000-09-30,25.47079478942361,6.014169421657538,8.573092145624889,2.6075693553584065
2000-10-01,26.65810014186796,6.3307019974376155,9.40810953707639,3.5602020903066203
2000-10-02,26.88075617057584,7.615964373786543,8.258769928641485,3.954836441433231
2000-10-03,26.351990452327943,6.272379794512181,8.15867152092162,3.9779329278530504
2000-10-04,26.432406725722664,4.282552585841241,7.481418427003088,3.8048887399968034
2000-10-05,27.574226944671796,5.364074960201334,6.090865821556853,4.7505798320497306
2000-10-06,27.900254778099757,6.87985714750603,6.882711728631424,4.5746281686272585
2000-10-07,27.56622227120421,8.952277060428202,6.615629548067005,4.463813311328145
2000-10-08,27.83240423987535,8.859244591410244,6.598599464967366,5.451804401048107
2000-10-09,28.497816826568137,7.005140166067459,7.979961427224646,6.217127660731984
2000-10-10,28.802663624319017,9.451035101750266,8.462675172645948,8.195059796234698
2000-10-11,30.212855744796844,8.378262986698982,8.513266761193492,8.721217376507525
2000-10-12,31.99793766859717,9.890548115455436,9.04505206457943,8.382998376709114
2000-10-13,32.44698979275936,10.316059054601794,8.973643924837775,8.562810077517637
2000-10-14,32.44842215265071,10.69891026377947,8.79209943411735,7.801514493316378
2000-10-15,32.41316708058724,12.714713078786568,9.72140418807809,8.148283371411225
2000-10-16,32.28084402913226,13.707393087114909,10.431007618139702,9.85762573493625
2000-10-17,31.82254520404494,13.030655312974504,10.338672762152235,9.438001382752072
2000-10-18,30.67756488529232,11.623442299669819,10.42399772230604,8.678850872990417
2000-10-19,30.30167171969128,13.454173544824199,8.181326341583503,5.139451717856142
2000-10-20,29.378828085120066,13.991363255738928,8.634593130652627,5.063640700396071
2000-10-21,30.884458928389243,12.635040860622976,9.613542355181318,5.808932557414875
2000-10-22,30.981222365128097,11.989694340326208,9.369761810151768,7.489790426163439
2000-10-23,32.11692044062305,11.729221774657503,8.395610319724366,6.019940687981226
2000-10-24,31.575877798330716,11.786089246100891,7.9771149352732875,3.597861991712046
2000-10-25,32.10393712879928,10.98599774456292,7.316509804924493,3.986708326883335
2000-10-26,32.02903395053808,12.196507944670314,7.364207141481432,3.4435740459706805
2000-10-27,32.33631353555817,11.732286184094313,7.834741523484379,2.7084714894205666
2000-10-28,32.16949674843202,11.723033924844072,8.39549737440672,1.5365371833903738
2000-10-29,31.553142128478974,12.190836238524458,8.667319219988746,2.0394949045108905
2000-10-30,31.994885747905712,13.809730393147618,9.272612575182613,0.9793156567337624
2000-10-31,30.624785938304182,13.373464681629892,9.39427207891343,1.4119058959278123
2000-11-01,33.047692891302184,15.010591113245038,10.326415486339855,2.8887918606488494
2000-11-02,32.40045604515446,16.916091245841724,8.276357775390588,3.9405413007440364
2000-11-03,34.176717179522555,15.23833523985522,6.8916917333814265,5.126890375280251
2000-11-04,35.954442483155326,15.221106826211836,7.418450443716853,5.734056546219748
2000-11-05,33.67104194953461,15.48719138624411,7.415150205187348,5.60416285427871
2000-11-06,35.40395796117122,17.414551503729022,8.105540409755802,3.79493843503508
2000-11-07,37.018920945333534,18.407373884675685,8.47124236790231,3.2994243884655834
2000-11-08,37.34801042630735,16.967167739057277,8.814089968610935,1.554645556870091
2000-11-09,38.27353140212322,16.790675821468884,8.18316186523413,3.550666504210893
2000-11-10,39.36693046754524,16.698762922985264,8.42118109773133,3.372528430179842
2000-11-11,38.165482204487475,17.039450443484466,6.871932314523696,2.145853494896893
2000-11-12,37.956901374752235,17.29314632928926,5.224759361916414,2.379788484269096
2000-11-13,38.14371006367274,17.23402640860789,4.719560625399492,2.5884894307098505
2000-11-14,38.891564033436794,17.87712511034449,3.9685338379778545,3.095780604763097
2000-11-15,38.967100173792765,16.99885921002283,4.272516777343192,3.2403554893615705
2000-11-16,39.74908936841666,17.13779761925515,3.5541380473978403,3.848762746837525
2000-11-17,41.054574506309685,16.870979345536874,4.587956398044966,3.837975979731061
2000-11-18,41.778268127920725,16.106554773950208,5.526616141938896,2.0536653188069245
2000-11-19,41.308755920701564,15.716302735695397,8.200913996306095,0.860668626178382
2000-11-20,41.605305254181616,16.267374378174814,9.29314635160396,1.6121868940702024
2000-11-21,41.996221975026145,16.234126445124637,8.419942524997856,3.320719569543073
2000-11-22,44.9095323333354,15.004604884981157,8.01583741817119,3.669091159589982
2000-11-23,45.583665131624585,17.032834767316377,8.210420990840856,4.900679022035954
2000-11-24,46.61848280943459,18.556795493769712,8.013131683579646,4.868156925635066
2000-11-25,46.68973242873488,17.615756307194516,9.384936506169533,5.41508605879012
2000-11-26,44.688182065273054,18.823327589370784,10.026310053016488,4.083025437313548
2000-11-27,44.38056523463827,20.401107142161624,11.195273908026204,3.0582743701399746
2000-11-28,45.63433066998507,20.05150874171446,9.13850061373805,2.6382135850787636
2000-11-29,45.5424749633527,19.920557277811763,9.493379533391415,4.623773682117833
2000-11-30,44.45196638901552,19.292465947274106,7.576084995856988,5.141456787843601
2000-12-01,45.55072043055058,19.668172362848185,7.288623353390113,4.6886932381077475
2000-12-02,45.26220540260264,18.327784917091,5.569540007066303,7.19577579641696
2000-12-03,45.607182563320336,18.980558175945465,4.965346170118957,6.784728185888169
2000-12-04,43.00448250134087,18.357479679742468,5.536727031114991,5.51197301692411
2000-12-05,44.577512315511505,17.08597220268237,6.5539988298438985,5.241462937196597
2000-12-06,44.93810690583431,17.99555815765035,6.258069096771219,4.082163776254381
2000-12-07,45.74001290414975,17.361058393829268,6.323514028593024,2.8799723949812837
2000-12-08,46.03550385078037,17.484068263267357,8.160883176769458,1.5552247035846989
2000-12-09,46.71140023466594,17.034404515949213,8.396927043546281,1.8443746555337333
2000-12-10,46.702740573092406,17.615078122123283,10.398143169856334,1.6304925864712168
2000-12-11,47.69669028476605,18.84855985279426,10.907115154450382,1.4819663290238356
2000-12-12,47.96921650941654,17.918976745645146,10.658991202885437,1.9841278426539972
2000-12-13,47.12262984840725,16.686681873271684,10.494769995232781,2.3264047706166675
2000-12-14,47.56644262457407,17.939746279265364,10.530243930643296,1.0075136081424734
2000-12-15,47.99122057913061,18.6933671163001,11.038850855752415,1.3891597989363107
2000-12-16,46.25152784675898,20.117638178632518,10.867462000784716,1.6857314600697704
2000-12-17,46.4867054126629,18.62594945880113,9.21957066727451,0.6062036498329364
2000-12-18,46.669895960947784,18.301584438641854,6.808992218899849,1.5193204265425297
2000-12-19,46.824390938671165,16.685669237049396,6.511799450372717,0.9074263016676927
2000-12-20,46.71638341016,18.53993682553648,5.534367348441266,0.0015634652114075998
2000-12-21,47.41276688450981,18.35679783111878,6.835487010005612,-0.2602997638394521
2000-12-22,46.651073886910076,18.104067587761413,6.6121047176294105,-1.2210637671685973
2000-12-23,46.72561560858889,17.044965855906366,6.454151153186172,-1.2291705370918269
2000-12-24,49.191542670731266,18.05997230755659,4.9916831923176295,-0.37821698351828836
2000-12-25,48.68427224961559,18.307493053216298,5.207533017622559,-0.1875990185963923
2000-12-26,49.79709054641691,19.605614373741332,3.772970942452265,1.1070638148883405
2000-12-27,48.52656961291435,21.338458866337547,3.5674283939790885,1.6368810164079202
2000-12-28,48.594158607036846,21.08164115501046,2.3641388873608515,3.2324006002366223
2000-12-29,49.99355083121279,19.4561283006787,3.0521960997641546,2.721173202709573
2000-12-30,48.05822666764747,19.319602512149814,4.167668992508233,2.3035281059473736
2000-12-31,47.864090957734945,19.477726588728775,3.1906037142617807,2.882134315688437
2001-01-01,46.90752200142523,19.369532583120677,4.063401108447945,2.3684574965340186
2001-01-02,46.61227011946474,19.418042191882822,4.045751406312186,2.1180059950189314
2001-01-03,45.87056115410166,20.474913925741987,3.6108357758341363,2.675747233009617
2001-01-04,44.789078214037275,19.43250060073808,4.444329764423744,2.3545714889583587
2001-01-05,43.75558777967495,19.886033397194595,3.743979015016406,2.9526993374431987
2001-01-06,44.90234110451391,19.885175962035376,2.313105807884344,3.5643318482599264
2001-01-07,46.05611666304893,18.99737854824146,2.059211444854327,4.094816404624331
2001-01-08,46.58571670071813,19.98793035056911,1.6686770127372461,4.498247774191029
2001-01-09,47.74728432769046,18.69288463733044,1.4989381904019514,4.780525103755353
2001-01-10,47.01639877420356,18.960303414429156,0.36370648955736895,3.630626214534744
2001-01-11,47.787124823287286,19.592084632821354,-0.7944936590791611,2.3511044687435154
2001-01-12,46.691453280220344,18.66048175243386,-0.6477535352617845,2.4366845000049238
2001-01-13,46.954917759083116,17.26000376053215,-0.11411301272606234,3.6607030101679037
2001-01-14,47.294784335593555,17.55954484259241,0.7365165804370228,4.923943863570697
2001-01-15,46.6757918226199,17.846334380541453,1.3956534382804333,7.059707177080601
2001-01-16,46.71744858388035,18.375403606773318,3.1817072685727794,6.905007650433763
2001-01-17,48.10821768126167,14.74356598461281,3.981211935061833,8.90994408521752
2001-01-18,49.0334652516674,15.082147910534017,5.190236850992719,8.929278605859023
2001-01-19,47.373988337960306,14.682085077717105,5.109900336979202,8.421617759708983
2001-01-20,46.21483327029547,13.881943552336656,4.984010184289175,8.161554036595154
2001-01-21,45.96153115993044,13.621035513086975,5.400282843698293,6.7790975622315335
2001-01-22,44.09475586169576,13.97392170539098,5.015689479553643,6.351017425385545
2001-01-23,43.428628241615904,12.274192983237043,5.663735491772813,6.0372718884460275
2001-01-24,44.39965180030522,12.15596493192602,5.527714942513882,5.163751145087617
2001-01-25,42.7257010197014,12.394257793189956,5.603739578321483,4.154713869359024
2001-01-26,41.85879219509159,12.321918434465042,5.54981296479036,4.721953128658074
2001-01-27,40.50430943180427,11.557573557931281,6.29182805479076,5.448559153961742
2001-01-28,40.372471761350326,12.570678848617138,6.5186408171749415,4.895165625208156
2001-01-29,41.913522637193125,12.446384366818434,8.49069317645898,5.899810317846842
2001-01-30,42.55025371646878,11.258418542742795,8.577629918552905,5.707532061133608
2001-01-31,42.68616684408714,11.476933399596467,7.5084229368352045,3.3486915917993674
2001-02-01,43.5610206089725,11.694701311054063,9.179828488370877,4.426553823249327
2001-02-02,44.544820800028404,12.971598649075982,7.969537593549126,6.102786522140461
2001-02-03,42.587581872843195,14.011684450964887,6.949325730848843,5.449676119533464
2001-02-04,42.21482014080637,15.52062003037456,5.797582606937391,4.9656273281635155
2001-02-05,43.16553462909363,15.904947591904985,5.971938098222395,5.019247897243431
2001-02-06,43.0836323363112,14.24452051570852,6.307570753765372,4.048979751097342
2001-02-07,43.71027839575695,10.79463890750801,6.108254976380012,2.4988119695323503
2001-02-08,45.771541747133014,10.256738223020344,7.4866788534809015,2.821571424085992
2001-02-09,46.04634257705853,11.786025706319865,7.571754067584903,2.95024199431748
2001-02-10,45.88525700889765,10.834962797558207,6.116381973287579,2.595556995230479
2001-02-11,44.28560842091262,12.335132336644493,5.103637032204951,2.692228196794273
2001-02-12,43.733852669863744,12.094297934115113,3.930203393959819,3.3300049834247023
2001-02-13,44.267412812422336,13.156731926501612,2.4491254846737234,4.252171821492795
2001-02-14,43.11983517194539,11.97440716650567,2.9140757304440417,5.687399189115409
2001-02-15,42.49157980491584,11.480187396922405,0.541417329119295,7.231362679437137
2001-02-16,44.48962603583165,11.138859175000588,-0.34648873755601883,6.947516343783692
2001-02-17,44.35395037980874,11.297792152677111,1.2962880890136852,8.164964815549002
2001-02-18,45.223408070434765,10.192012480359942,1.3053520090959494,6.930769534346508
2001-02-19,44.8430737492773,11.948189130319756,0.34182304830051236,7.177236962589361
2001-02-20,46.00672166008159,13.607641841051572,0.4476050705200914,6.876392782657055
2001-02-21,44.09522209278285,12.720671414847986,0.5161668810266938,9.237548847928682
2001-02-22,46.44886458040739,13.147299291557749,0.8339032534987962,7.08444782993738
2001-02-23,47.70030298804542,12.820941862884935,-1.5385073973055194,7.246927110631101
2001-02-24,45.817369100062926,9.934159057245015,0.8697326089081951,6.1691974747001845
2001-02-25,47.602251683072865,9.504743387171613,-1.5391023728819244,6.799069599936962
2001-02-26,46.95357619088871,10.72422874844031,-1.17929903915493,6.771363261447417
2001-02-27,47.19132741090534,9.243077426604133,-1.537684853990973,6.530724782369079
2001-02-28,47.35677679758911,9.076514344400701,-2.811684972262775,5.768022703018361
2001-03-01,47.19899673260329,10.829222337478328,-3.5213110814410213,6.32467082828475
2001-03-02,47.3302822758927,12.276651994017726,-3.4274499882676634,5.670140240776187
2001-03-03,47.641350552598794,11.187269481052233,-5.245752565272511,6.2123704719080255
2001-03-04,47.215380838635355,9.93096045311163,-3.372898086108025,8.074952638419736
2001-03-05,46.3487235372568,9.090775646457063,-4.901634443342751,7.953755911160787
2001-03-06,46.76412809932154,8.245203581987422,-4.0068965745290885,8.577386600870952
2001-03-07,47.24537176364036,7.93818076766569,-3.721168800826981,8.909584407755963
2001-03-08,48.22602428487064,10.452948073050539,-4.600807661530946,9.829421015437283
2001-03-09,47.75810558332418,9.674167995219666,-5.161413624514709,8.589449859810665
2001-03-10,47.37954112643163,10.90704301787642,-4.649743618322894,9.317596427879433
2001-03-11,47.02665840043738,10.738521600894629,-4.392965235395582,9.310412632896984
2001-03-12,47.538070979644225,13.203461217953041,-4.095119773826705,9.04339754117369
2001-03-13,47.85030898210771,13.100963028073952,-3.9174902133929916,9.22531660622693
2001-03-14,46.88746841903315,12.279311222983292,-4.91134233598911,10.50534318119735
2001-03-15,45.71280818535562,10.548360574744754,-6.0398751228715515,10.572185797191668
2001-03-16,46.61373940914862,10.250034518966062,-6.288828480829203,10.303534904023463
2001-03-17,46.695417605855006,9.667998399568866,-6.282953514560714,10.7765919137283
2001-03-18,46.41549361459664,10.849225812621418,-5.111578767530975,13.20710586201668
2001-03-19,50.72741349513823,12.335187112502002,-4.6937156212893,13.083931419012814
2001-03-20,51.9194993997645,13.404935128477137,-4.365738804872479,13.406061810265765
2001-03-21,50.456221417294344,14.582409840567964,-3.309201850602241,14.4636754833395
2001-03-22,50.72618637173808,14.247252894709321,-5.806490929826773,13.486797660325685
2001-03-23,50.58907537641799,13.600640981751583,-7.40257817073174,13.256957778856568
2001-03-24,48.53645531969231,12.405788103620978,-8.655416587767764,14.205574679240748
2001-03-25,49.384732210252736,12.51418423060243,-9.93293331928949,14.30355785444658
2001-03-26,48.92892001990373,10.29677221540581,-10.748115311378578,14.39107458067059
2001-03-27,48.42695468673381,10.321578216206044,-11.633502301341682,13.32056294677615
2001-03-28,49.40863610551311,10.85969663265364,-12.932387820719073,13.315162750347728
2001-03-29,48.728914478868106,10.34174694076524,-12.063871941913476,15.411325702587856
2001-03-30,48.942309790370366,9.036392528461795,-14.151360168486047,15.20437502377567
2001-03-31,50.12381940299581,6.582180637423425,-14.195951934269887,14.503605890868561
2001-04-01,49.22995663818926,6.001768304652705,-13.800246697837782,15.866680151120681
2001-04-02,50.51282993176324,5.140352877113831,-13.228234760577717,15.194456950357436
2001-04-03,50.69648007380026,6.7217103127456355,-12.808982844569897,13.830860922622623
2001-04-04,52.04811446177446,5.668496148260628,-13.828616745431505,14.456044189702197
2001-04-05,52.81763104480229,4.785314467282794,-13.823573757963667,14.55397795945254
2001-04-06,52.90888157183621,4.683576284662141,-12.992679877932666,14.161976875558073
2001-04-07,52.17280547492768,2.2059321471907243,-13.78569806223167,13.679904084891422
2001-04-08,53.49966405646501,3.6161399228935798,-13.682594336605097,13.68464179060688
2001-04-09,52.959834802254065,3.6314995872204467,-13.134756169594391,12.684042190629631
2001-04-10,52.39976638996073,3.5464988393581605,-12.362154720509743,12.085365586021666
2001-04-11,52.012482749498375,3.781413842340703,-13.577611327238273,14.463002843021018
2001-04-12,51.51178262176486,2.246341676397403,-12.724900427322924,14.568744439300232
2001-04-13,51.22481191763682,3.265828713572648,-13.206802401212315,14.682562713014407
2001-04-14,52.89471069153348,2.2808615051512446,-12.952200031365896,15.559752885251468
2001-04-15,52.768131200064325,2.2950538671304628,-11.781326457924132,15.36713893023124
2001-04-16,53.379965057311644,2.19176695741421,-12.685012277083061,15.689232850020446
2001-04-17,53.754040415835746,3.7318994093017186,-12.485140879467695,15.330724493344457
2001-04-18,54.329764028828436,3.0318538883022477,-10.779358841057208,15.893250454493012
2001-04-19,53.76608113325166,3.2526354018707146,-10.759212635907343,17.5781314407457
2001-04-20,55.59358882695382,4.329259272342522,-11.013061641423205,16.861991155579634
2001-04-21,56.663359206008664,4.309345786944067,-9.326734036087956,16.4747014485867
2001-04-22,56.645308234144295,3.242382790882192,-10.887350903746984,15.610494910405581
2001-04-23,54.70039617478642,3.8060408232271943,-10.413347297582416,14.76549175067216
2001-04-24,55.118465789705844,1.8414953399853176,-8.42514593364141,17.22313682844215
2001-04-25,55.76817597371367,2.280323650629627,-10.151086961326888,16.729022821101918
2001-04-26,56.34667096714857,1.6613636567119658,-7.98787495024588,16.080423313614283
2001-04-27,56.374891187782595,1.5400741925966352,-9.427327665810175,15.48474570251987
2001-04-28,54.61682821808689,1.1998209090520042,-9.597025084208205,16.47263211671933
2001-04-29,55.27409986281236,2.3958403784603357,-8.175018687698286,17.088676657692993
2001-04-30,53.01608022476259,1.3308405301513897,-8.633540424676143,15.71240317447321
2001-05-01,53.0040298491421,0.752191238679939,-6.925058543106278,15.448098006407088
2001-05-02,54.47564244710001,1.0767106714902308,-6.0233285328252375,15.602697088506094
2001-05-03,52.93346184900942,0.8354730708694845,-6.280456868134827,16.925174277014722
2001-05-04,52.602556554615056,1.502601003595395,-3.903521940738812,17.206627381132087
2001-05-05,51.4452905777388,0.5640587210313053,-4.074316910127966,17.319869072121516
2001-05-06,52.06904088300514,1.4926086436490955,-3.2643347937668716,16.552724055054433
2001-05-07,52.7485356915634,2.8383868600957816,-3.6180853701421074,16.887518135582052
2001-05-08,51.8177726248276,1.5111908348963805,-3.7593460203015265,16.35514445773187
2001-05-09,52.64078423739487,2.798843529986069,-3.5138644849183045,15.56165773287245
2001-05-10,52.96179506596535,3.4198582943076286,-2.5338552737074442,15.707927691634898
2001-05-11,52.28235721461166,2.5867713577198668,-3.5110822727788564,16.997881594884944
2001-05-12,51.610865041455526,2.9959974437299945,-3.2225594889452935,18.18352859598755
2001-05-13,51.79239340128507,4.861167592948053,-1.8721172825072547,19.435440311597798
2001-05-14,50.187648838605085,4.852692835055612,-2.228800124558087,20.66758046969878
2001-05-15,48.65480785759227,5.325552077942057,-3.0454285893645934,20.252288947972062
2001-05-16,49.00707523726602,5.735394345124789,-3.8324486017418176,20.447731330749722
2001-05-17,51.05867001922852,5.38252266374365,-4.585216175520744,21.612254385815504
2001-05-18,50.89902898172645,7.5293729084263425,-4.311046513370632,22.98264178119294
2001-05-19,50.35171542705625,6.390412089173552,-4.637072245898312,23.682736171452014
2001-05-20,49.127382828822334,8.036158238092604,-6.005270642352564,23.14038488614434
2001-05-21,47.22859185233275,7.88487968570183,-5.325806781641058,23.769067582718655
2001-05-22,48.49388030668164,8.795339472386715,-4.30144839644916,23.221949481933823
2001-05-23,49.54409086803245,8.8932147595226,-5.463367192651697,23.967390920548976
2001-05-24,48.30795786596443,10.487370662818641,-4.741269625111853,25.438688611250154
2001-05-25,48.595355518293005,9.580243957780986,-5.621740974037756,26.086438805644892
2001-05-26,48.92812719893487,9.349847598462038,-5.781159079934905,27.573565388311238
2001-05-27,48.02210592937453,9.010921805891325,-5.844462650991397,29.423612647804394
2001-05-28,48.112514636403105,10.672948732418897,-5.553304026906637,29.577526832609742
2001-05-29,49.00126636219176,11.124831764840174,-7.145152431914402,28.60149863878924
2001-05-30,49.14624215299098,10.265657830114556,-6.33718907225246,28.232011240482656
2001-05-31,49.791944441050525,11.300380404686466,-5.677143533422177,29.28568193136391
2001-06-01,47.692799330737095,9.602485599625336,-5.6651185669929855,29.85442856855784
2001-06-02,48.442112677123504,9.240687964491732,-5.3619780498895695,29.277761718840246
2001-06-03,47.94702899580249,7.771478282721445,-4.933869057064769,27.14795318383664
2001-06-04,48.35692388277846,8.250463011779221,-5.846325017549887,27.464890565481664
2001-06-05,48.92835263506606,8.240529628192796,-4.868299230391875,26.447950661383146
2001-06-06,47.72268957667551,6.990350138788625,-1.9801631540698796,26.415610913476016
2001-06-07,47.78982132915034,7.864748348090017,-2.161741954521344,25.96760276383524
2001-06-08,48.34857248069022,8.279389891832112,-4.7370350949873306,27.510886702090392
2001-06-09,48.59623816843699,11.014649064750238,-3.112163969313189,26.616852721452293
2001-06-10,48.75288952803648,11.902733613480677,-1.4115426924772327,26.83448979764364
2001-06-11,49.57811068709322,11.138560747202398,-1.3598493999301444,25.180538544930947
2001-06-12,48.488534933077,12.730916485435904,-0.4858711507234357,25.284095507922945
2001-06-13,50.354737400829656,14.122500409620852,0.5009575547076588,23.24440646880252
2001-06-14,49.99255391388537,13.700029247389825,0.8105826109402308,22.570470713871376
2001-06-15,48.99543688871791,15.568180850928233,0.8828269098991999,23.944200404280707
2001-06-16,49.95378769306422,15.708627899201161,1.1794495701636358,22.65548290833559
2001-06-17,50.54171565420143,15.39347641684239,1.7233595217676578,20.62638393651328
2001-06-18,50.253391609916065,18.006280145153,1.8993688018463444,20.556128894060958
2001-06-19,49.93941516460367,17.256514279594548,-0.18133936142186124,19.93159825506982
2001-06-20,49.202713606439964,16.17212083366048,-0.5758689363316272,19.895918298820504
2001-06-21,48.87199682800803,15.498720255782864,-0.24682885062192278,19.574197552072707
2001-06-22,50.547528457036464,15.965015476822092,0.8898295889670356,19.623704031887506
2001-06-23,50.474966482575816,14.928694490596378,-0.05693420605936106,17.30962648793859
2001-06-24,52.19172579852333,14.033399882546199,0.3725470304798237,17.426060728479705
2001-06-25,54.64426986580349,15.419757163140275,0.5231567894860203,16.408038679595624
2001-06-26,54.84949015332579,16.08563750800904,0.2173495769688793,18.1720754454732
2001-06-27,57.884923883174295,13.911638048067557,-0.29181971476174745,17.645499879595395
2001-06-28,59.117973343719264,13.097728718001623,-0.5352190340470665,17.095254588632358
2001-06-29,59.914180168582384,13.892134840046033,0.10400974410035435,16.2058504205661
2001-06-30,61.83329867309061,14.825771143676112,0.4423434997075048,17.720573918271366
2001-07-01,63.23329219330608,13.142590806026082,1.315399879768512,16.21106575366474
2001-07-02,63.6308958020801,14.99652302455778,2.9162719280669025,15.332817382785255
2001-07-03,63.6444777009164,16.157733458086387,1.0882762402299768,16.46316075500236
2001-07-04,62.75544225401158,16.23283338039983,0.6203295948371415,17.00735784939937
2001-07-05,60.859381782399566,15.304226577176564,0.46505754889730677,17.425970011451966
2001-07-06,61.16094456910262,14.870302660670838,1.8858666108131714,17.22640715920491
2001-07-07,60.587538911153494,14.829638576034245,2.311191426992692,17.874154944738663
2001-07-08,60.57240470803183,13.43638942068965,2.642694076825599,17.395328725500022
2001-07-09,61.28470112232536,12.807632652217835,1.708932456062815,18.474651203443706
2001-07-10,59.708508122158285,13.411054740462577,1.0005010761639321,17.95458427332612
2001-07-11,58.912919197574524,13.212988586976042,1.045957877874757,19.222519092850725
2001-07-12,59.930439823020706,14.45987266406533,-0.47488309585377353,20.49794179201649
2001-07-13,60.94583329077348,14.052089303032693,-0.06119620736953085,19.536851964314064
2001-07-14,61.71616129141063,15.234485787905566,-0.8706486410781513,21.5535681505254
2001-07-15,59.93891576166926,15.083056636125834,-2.087598375375869,22.06117438777413
2001-07-16,59.10189544734625,14.783925274148087,-0.7088931459983345,20.22503212859413
2001-07-17,59.2797351667488,14.484064158646175,0.8188868540287138,20.62847782480594
2001-07-18,59.43040157711661,14.581583456910446,2.031294764526847,20.71502323045319
2001-07-19,58.85464660164211,14.468470872146556,3.3142227517585567,21.405908416795526
2001-07-20,59.45262047114954,15.662298205286165,3.129289942373785,19.95159242008156
2001-07-21,59.39462517156674,15.44141406961917,3.8853091109307405,17.872540532423383
2001-07-22,58.231416745966925,12.81264775678251,3.7865554279276132,17.565997915500745
2001-07-23,56.84547880154842,12.508677361518501,2.783568836295328,18.630041081075117
2001-07-24,55.55692320502938,13.549260075944295,1.8764033724947247,19.1914927435668
2001-07-25,56.5909541786727,13.867497005323543,1.1839585009859932,18.88961238447573
2001-07-26,55.36235425366523,13.53063130886832,-0.8853566445492778,17.88861972200464
2001-07-27,55.748089294069246,12.329402211578413,-0.013828299531830401,17.5399333129805
2001-07-28,56.221904106796394,14.32233147021526,0.4868759547591591,16.70786203905134
2001-07-29,54.91296715135333,15.150929495436962,1.3974857432266843,18.68215686114899
2001-07-30,54.293437287048064,14.660287319032005,1.1221193902728606,17.544788606653828
2001-07-31,54.902577842220104,16.49464983284252,0.7366149675637742,16.838986757117503
2001-08-01,54.7893392046463,17.003074415410367,-0.6185378005576497,17.02907145411064
2001-08-02,54.976583448429956,17.360846217357857,0.42013556685667497,15.972650364033273
2001-08-03,55.63073334033685,14.912149107358337,0.5278873011754649,17.037466313934615
2001-08-04,53.70408243494023,14.173091828924957,0.10553392039054454,16.95305761957678
2001-08-05,53.754372075484746,12.87739350023268,-0.637656107204547,18.208537066301403
2001-08-06,53.28410197106895,13.080041327080933,-0.3604900178810642,18.06406568489268
2001-08-07,54.08552804748902,13.200239651263862,-0.21905826811460105,17.558752578434742
2001-08-08,53.42214409573413,12.662386897165954,0.7653822480406739,18.303972948567687
2001-08-09,53.55096071330541,12.705750807295043,-0.12773958660059292,18.867237926443046
2001-08-10,53.14750548554443,12.6059994660047,-1.3133236456827997,20.071485730797445
2001-08-11,52.74088892774326,11.759520962521233,-0.07287689089850047,19.89635908915664
2001-08-12,53.34801912851659,11.757466195409474,0.9628367478147852,17.65513369389072
2001-08-13,54.55892735826004,10.994756718723242,1.561499087334287,17.699679676288977
2001-08-14,53.529942182471714,9.973350681622549,1.717510649139581,19.10696858206866
2001-08-15,53.311052878317085,10.7178676175301,1.499102655193939,20.14779183815727
2001-08-16,56.33904021590189,10.91288278619321,3.65738446406512,19.7556003554055
2001-08-17,56.47627035614695,9.244836063082152,4.135547969286757,19.964867306933144
2001-08-18,56.145678141373864,8.632722912984713,3.5673054784561646,21.038699212076683
2001-08-19,55.17351629536569,9.238129358565809,4.809646181497374,21.29593057544191
2001-08-20,53.9794604524871,6.2631995329561665,5.126586432565356,20.511941450458323
2001-08-21,52.91855568214499,5.437533174606834,4.0112189175731565,19.217429021842477
2001-08-22,53.53828354967288,5.89288745892168,4.254364048828902,17.521419893070266
2001-08-23,54.8554859763761,3.455976659526308,4.297225970121196,17.31758836126328
2001-08-24,53.88726043638791,1.942297428182345,4.182254717020104,18.822339169290697
2001-08-25,53.437240819517946,2.2028074682149175,3.6581066947870275,20.484510337176353
2001-08-26,53.9767131814501,4.265238610153997,3.5726058721235256,21.787847887468114
2001-08-27,53.03520532587581,4.037901559340564,3.116768283855584,21.050291636721823
2001-08-28,52.84395013683033,2.9078472632690664,2.332994484771414,21.99477732312731
2001-08-29,52.522128968965596,3.7880169586873462,1.045352885167008,22.44703273097564
2001-08-30,51.66188881837697,3.7071275266452397,-0.6988231403020586,23.038121824932045
2001-08-31,50.19303252104376,4.379838398390169,-0.9898607113726594,23.604049169954443
2001-09-01,51.077013372098776,5.463831049827842,0.6534973278618075,24.334537361409797
2001-09-02,49.42462449118992,5.429750067359171,1.397995453818338,25.627448418316273
2001-09-03,49.84647373679401,5.140782891851302,1.9148438632986466,25.16625395204839
2001-09-04,48.826340656465874,5.465971777314713,0.8407366167761721,23.908493775043947
2001-09-05,48.5449211854103,4.817186170004271,-0.857029024983391,22.474659044607144
2001-09-06,48.839500490314535,2.9497186370436754,-1.2590373439466975,23.805502616704796
2001-09-07,48.32418555447708,3.562997038372449,-3.245148116145185,23.249829273727897
2001-09-08,50.34909868055746,3.701386348167057,-4.004851815579995,24.414719776068402
2001-09-09,50.233600172822214,5.475757039224015,-5.593751213242771,23.763122150451473
2001-09-10,48.678431506626865,4.724737136319649,-4.900540527466111,23.51571441004343
2001-09-11,46.98890575964106,4.412014064635993,-5.915477172098091,22.897446865462022
2001-09-12,46.59581832375236,4.686138365391494,-7.593166662331285,22.06419217361156
2001-09-13,45.40900057557682,5.660129129355051,-5.558468333775519,21.121646923492076
2001-09-14,45.08905775481048,5.756289400574584,-6.275229868459993,20.211105362097395
2001-09-15,45.70617517303918,5.2275124514054365,-6.439557015982991,19.226093534342844
2001-09-16,46.908238658395014,5.2841217236141755,-6.44768130062882,21.46706162632497
2001-09-17,47.29734294328014,4.252501021898098,-6.395299788844363,20.98851120428734
2001-09-18,49.185525314382396,2.8726779267841644,-4.776327270806025,20.904136104399587
2001-09-19,48.9494488305699,2.264719439876081,-5.52656419829114,22.4304821874456
2001-09-20,50.82128974230344,3.0235778523244665,-4.41585454274666,23.097672089599072
2001-09-21,50.68139706709606,3.4488366903061696,-5.132102204823792,23.528517119391832
2001-09-22,50.62162921180888,4.481489113193405,-4.73386632952769,22.280162938542638
2001-09-23,50.58181766499003,2.339864194613619,-5.56115540220591,21.782037480548045
2001-09-24,50.27249502525445,2.0479939116458024,-5.045573213405417,20.959334700014054
2001-09-25,50.24426624216919,2.961323736056609,-5.495153393844086,20.32433375447851
2001-09-26,49.43575482119097,1.8128887700019625,-4.346909702778367,19.711552732485632
2001-09-27,48.37432508000675,3.3636580307677737,-4.7650887848312475,19.94775874628543
2001-09-28,48.75030287988151,3.7215854763768528,-4.192207688747195,19.98897714652851
2001-09-29,50.72858235092604,4.456402511317162,-5.178829744137756,19.830925499037985
2001-09-30,50.4838497320076,4.116438277292981,-6.506834138533038,21.431486401276405
2001-10-01,50.828421353561865,3.8695460234557455,-8.356819611386896,21.32856285686962
2001-10-02,50.240201265268716,2.230525078468685,-9.153437150955314,21.755395176578798
2001-10-03,48.88831970042183,2.4393716082247328,-10.006963388262522,21.791282161539804
2001-10-04,47.97384144734961,2.8664678249233164,-10.028268577492591,21.06888855348284
2001-10-05,48.04497263837161,2.8398787483362056,-9.460627013981263,21.996101566163524
2001-10-06,49.1578617603694,2.650316208783355,-8.667440044814251,21.647049354871047
2001-10-07,48.84454355547809,3.267575155655482,-7.654566027818974,22.109008480719
2001-10-08,49.47050067731039,2.2026057022135426,-7.881184173308479,21.36185395863888
2001-10-09,50.63442077219527,1.612162967857915,-8.550168325836855,21.056967829608435
2001-10-10,51.308682209978336,3.003069059669815,-7.302310779851723,21.170147001723034
2001-10-11,50.20628197239987,2.9424692868261215,-7.825840294362328,21.73447754113781
2001-10-12,49.30210668748909,1.506268750030819,-9.739202248283961,21.130395420997214
2001-10-13,49.84831067931062,1.8391824628813536,-9.19396971219617,20.842959451142338
2001-10-14,50.84324814711805,1.1687555993052068,-9.284701881997197,22.296930928670392
2001-10-15,49.624533583835365,0.9404954327852213,-7.098758093748695,20.61467127024941
2001-10-16,50.37682429738548,0.08916984255793281,-6.880883889493777,19.86731759647822
2001-10-17,53.43833480325392,1.6373856764829655,-7.501507818538793,18.864822295021764
2001-10-18,53.94803825581087,2.4456152427772633,-7.768685766224571,21.59550075675532
2001-10-19,54.04957783247433,2.762070112786623,-8.270265425182597,22.091427208298914
2001-10-20,53.40825892031687,2.5417077673604203,-8.639583836879966,22.220827212130065
2001-10-21,52.18275675491194,2.1572083652090357,-9.33662755810556,22.82192305782246
2001-10-22,54.046572946959635,1.055434116012342,-9.130377738318984,24.455848664635788
2001-10-23,54.27260479201566,1.3969625901845157,-9.316802438605354,23.641578099339636
2001-10-24,54.00161470782836,-0.12347506260275876,-8.384191548882686,24.772359067944
2001-10-25,54.27584512691112,0.33940582507184,-7.688855905364617,25.508871545627443
2001-10-26,54.84052950223349,2.3403140491040566,-7.162668222093329,26.363888001652004
2001-10-27,55.65352657369644,3.627145757983219,-8.433910925613322,25.332881095101982
2001-10-28,56.31571658644218,2.2775827443377876,-9.494980584368808,25.011638892560136
2001-10-29,56.35305960026338,4.020673832190938,-8.47342854303006,24.447816323551123
2001-10-30,56.540872319465564,3.3853219777274397,-8.073090268820875,23.224630999503603
2001-10-31,56.25647139547954,3.8231360792471594,-8.55719022375766,22.647950368183466
2001-11-01,58.270217848205434,4.937844099447032,-8.626448959265124,24.186261720077937
2001-11-02,60.04338736415734,4.945663838673405,-8.73633215023143,23.872639850738693
2001-11-03,61.019338460160036,5.131954988099605,-7.642913772343654,25.731238963036326
2001-11-04,58.630603701809335,5.150698569135701,-8.880979405862224,23.291819119229153
2001-11-05,59.56902678245654,4.397765356602817,-8.664871530819115,24.686330445354542
2001-11-06,60.09323404069463,3.9682698892922246,-8.320061915320556,24.088593103025172
2001-11-07,60.58480733033163,3.5650004803728095,-8.855365303133368,23.13998798884658
2001-11-08,60.7461308547273,3.6386341752589337,-10.05105628383149,22.99231569300274
2001-11-09,60.112557387985575,4.3033662740262795,-11.609725397049617,23.679873270139833
2001-11-10,60.00782395432857,5.302706105505613,-10.795579219951135,25.76097122816022
2001-11-11,59.17453443772589,6.666641647934402,-11.313109349940529,25.84676577117774
2001-11-12,59.518009251580594,7.057104486369997,-9.99797556746686,25.59147671187394
2001-11-13,60.22088148849209,6.385100238982833,-10.317827665524963,25.402892579331787
2001-11-14,61.4049894910764,4.336721080441391,-10.032734342820426,25.273065576073304
2001-11-15,62.00734519036397,3.479965004778833,-10.135275673098072,27.088610505794055
2001-11-16,62.59069363466184,2.9901139993193357,-10.437257251487226,26.78178683363768
2001-11-17,63.79774165205792,2.538186793898593,-12.044261013821572,25.55187143070209
2001-11-18,63.49679172661184,0.9706862345006741,-12.61051996012131,25.12731824517234
2001-11-19,62.38541768862044,0.9319408143766309,-13.218201197573098,24.298851576566502
2001-11-20,60.336043963049,0.8928390101939876,-13.007459282779267,26.204114783625815
2001-11-21,61.96138754743296,0.05407049573294043,-12.94999097452371,25.10264350780605
2001-11-22,63.67192141591059,-1.66416119394805,-13.654923331442715,24.96286939966878
2001-11-23,64.12809598181147,0.22817366185653265,-13.860619991459048,26.70747542495516
2001-11-24,64.73059191603765,-2.2213131400863944,-14.097403903504931,27.87933132415595
2001-11-25,63.24797493723136,-1.8737538481849203,-14.507349473828997,27.673170364001788
2001-11-26,61.8944032405936,-1.5877704235891485,-14.62955382139068,28.641567189044483
2001-11-27,62.505058879965645,-1.1312233366399942,-12.187805089930404,28.177482451538342
2001-11-28,62.88122614423614,-1.2136825828216429,-12.255217910448827,27.25687729288559
2001-11-29,63.28840824186764,-1.8967442042894171,-12.450628459582989,26.589734001130314
2001-11-30,62.74710920826811,-1.6479640222236482,-12.394952434631298,26.567567934547224
2001-12-01,63.95749668242792,-0.30107096575112435,-12.05128817486202,25.947884263280685
2001-12-02,65.73356502868212,-3.0223506197801946,-11.01728884286204,26.652839954930354
2001-12-03,64.92186377296363,-3.6284768842058863,-11.195791290153654,28.292996046674073
2001-12-04,64.53197074509873,-3.816400700246149,-11.493495696443672,29.15649554618061
2001-12-05,63.34107262470839,-3.703767364143995,-13.903762981330965,29.223728318727527
2001-12-06,64.5661520297952,-2.167040428358389,-13.69896850478832,30.609313673067664
2001-12-07,62.76784949614221,-2.3125177613166477,-15.964570407648111,31.020803294844484
2001-12-08,63.94554510452734,-3.693273683437864,-16.49723681798548,31.360975721739926
2001-12-09,63.92162267878189,-4.678689437292141,-16.48078039461534,31.219375672258973
2001-12-10,63.031155462604524,-4.1789075424297675,-17.95064926470844,30.524079242147927
2001-12-11,63.99194290866486,-3.4314782806648356,-16.74212800227782,30.752909610621256
2001-12-12,64.30041376601667,-2.305434129283983,-15.886335221853358,29.47133114847983
2001-12-13,63.72050118449317,-1.0731732444690876,-15.619462989510769,30.228509185733593
2001-12-14,64.99051918041927,-1.1117388917394515,-17.977345134014335,30.450941454418448
2001-12-15,62.57124507500513,-1.11707650129045,-18.325922322946425,30.98238686716201
2001-12-16,63.40116926151499,-1.4197771251238338,-18.9062004964574,32.064600280767195
2001-12-17,63.672584306578,-2.4422287331698067,-18.782429182299385,31.06619140440589
2001-12-18,62.89044727161642,-3.5635201745298475,-19.58795628395402,31.55647461915697
2001-12-19,64.51753037372119,-3.496346101682545,-20.74177643159892,30.336749153744073
2001-12-20,64.75459246025005,-2.853942131433679,-19.764905106527614,32.16714569977652
2001-12-21,64.35296775049196,-1.3724758459573978,-18.906349344564585,32.0702228177034
2001-12-22,63.06125112706231,-0.1508147820296597,-21.15053573695639,33.517662756296936
2001-12-23,64.33155547152272,-0.6978830347864967,-22.496506392312785,33.138507117956166
2001-12-24,66.03938591994516,-0.46551633266046344,-21.580104781204742,32.732832741389075
2001-12-25,65.85604725181031,-0.13093367187815863,-24.487160142378904,31.98397661820411
2001-12-26,65.21909912286398,-0.11675262097087108,-25.6609247934852,32.32557437671931
2001-12-27,66.29745682982444,-0.20215384144019055,-24.601038409647295,31.522446169188974
2001-12-28,66.84039045409602,-0.024207750681449786,-24.67244342390604,32.841245860518974
2001-12-29,67.92294602102288,0.26389776938103127,-24.07358875105315,32.94984124724216
2001-12-30,68.9278935985909,0.1654826230843351,-22.72245998537116,33.259415593122874
2001-12-31,69.42690248669446,0.7468584404433349,-23.676635798784414,34.38822735844381
2002-01-01,69.32407180968418,0.8518678279361482,-22.428390974400276,35.55852598532556
2002-01-02,71.13486532155868,1.795244578185006,-20.976979813660314,33.6404038452218
2002-01-03,71.03709649001121,1.9320726869210247,-20.28791128710011,34.73546823783532
2002-01-04,73.06592064130648,0.7069031978233487,-19.567892725590017,34.97113532756706
2002-01-05,74.64691662461429,-0.004623980006818074,-17.97656683029622,34.56247508287844
2002-01-06,74.70743707092615,-0.5986094052274075,-16.740937623727454,36.1439471299636
2002-01-07,75.40788256966297,-0.15579861160093972,-16.382372152409065,35.103749155230915
2002-01-08,74.27374936870675,-1.018355922243849,-16.770797326654712,34.67398152699716
2002-01-09,74.32450118418834,-1.0292884157204412,-17.13049306831807,35.25506629773938
2002-01-10,73.46550091550168,0.0027384758327910763,-19.22742032561813,35.262323783027576
2002-01-11,74.29920979477156,1.460762721889505,-19.771544681357312,33.61372576280806
2002-01-12,76.67889624149004,3.2584856052754034,-18.6208186205855,34.13372785262136
2002-01-13,76.70667338248474,3.779077557965672,-18.554864015895063,34.80066082485596
2002-01-14,77.7310027483283,4.568769814700236,-16.940476525543623,34.685514028473776
2002-01-15,78.92023604838343,5.332408932548416,-16.7593241567097,34.66233748614098
2002-01-16,79.18642596741145,5.838297595765795,-16.22964857599674,34.09096041130428
2002-01-17,81.48724646032873,5.274772870477433,-16.491150970653482,35.69748735322917
2002-01-18,82.51831300055566,8.323985860056244,-16.08770119594372,34.45474302513417
2002-01-19,82.2750589863207,7.682882736797722,-13.760321546914849,35.2295177340217
2002-01-20,80.78836012047697,8.628279872940432,-12.91808369055235,35.412407892040285
2002-01-21,81.4342534066803,9.44977079992286,-13.879341922079002,36.36259011473011
2002-01-22,81.34705166292223,10.293812582080385,-14.234506586500897,36.50796930283374
2002-01-23,81.0505305755848,11.519358453185138,-13.415621839635246,34.38033585722206
2002-01-24,81.88326160546313,10.736496595715776,-11.386885070668015,34.485484013181356
2002-01-25,82.35906884119537,10.948841234602328,-11.063475235622551,34.27285188158546
2002-01-26,81.27037308839658,11.454821482247572,-11.550377338047362,34.256129533039676
2002-01-27,81.72189887267442,9.109567447068143,-11.265727148980144,33.23984028143934
2002-01-28,82.1659077169811,8.747232564259116,-12.200478461646549,33.701805010863175
2002-01-29,80.26050245075758,7.734590925782593,-11.643294644142799,32.598652664801435
2002-01-30,80.28163687657394,8.518020722329311,-13.161677591843452,32.86184728467945
2002-01-31,79.9708354092687,10.671270932157825,-12.439640511984233,34.08531223167423
2002-02-01,81.11266907434282,11.24844822010081,-12.19792448660796,34.869870231319744
2002-02-02,80.32716577563995,9.88080816485661,-11.858896186373693,35.89115606321488
2002-02-03,80.21066188105426,11.090237362839002,-13.125245581046897,34.025048412190934
2002-02-04,78.91512503097363,13.468623674420023,-12.347258244604614,35.495201884604576
2002-02-05,79.56724566254312,15.866200088860012,-11.667507311572393,35.43134859689415
2002-02-06,79.77884269702777,16.496822817917177,-11.580269421035892,33.49370791481463
2002-02-07,78.0413378383855,17.002886576787894,-11.119009436977608,33.43385821699697
2002-02-08,78.02160318122766,18.06456653929701,-12.277829226140266,33.23365126418748
2002-02-09,77.66367419589486,17.75952124403769,-11.506204659009942,33.65093554813802
2002-02-10,77.43290558810408,16.044240151321976,-10.209759517709806,34.05617661581617
2002-02-11,79.45715137320809,17.50225966516211,-8.805312789191188,33.24726042687986
2002-02-12,81.0044618542282,19.182392272778422,-7.626184181003185,34.15087086265554
2002-02-13,80.96064557325452,18.717466048046372,-8.54601879486622,35.11193953643038
2002-02-14,81.20936960108128,19.164337003635286,-6.943655706717935,34.88035209362325
2002-02-15,83.34238285761072,21.479217852306736,-6.342307941757154,32.80114984647382
2002-02-16,81.87155732259298,20.539938018160118,-6.3014355073347765,32.21771488795863
2002-02-17,81.6111892400692,20.377680867654696,-7.976046889867424,32.546618840414354
2002-02-18,82.95197142614836,21.36694959660047,-8.014365016495208,34.99076529581281
2002-02-19,80.60807638928134,20.61596928208232,-6.675190617437433,34.232120529382065
2002-02-20,81.91367654748335,19.916818097135184,-6.739653379647913,34.12918591579026
2002-02-21,81.92170951590086,20.627780877538967,-6.750048872970944,31.81877723683007
2002-02-22,81.5543188068888,19.74863621623441,-8.661669601374028,31.166528370487985
2002-02-23,80.65792996343826,19.120526207452905,-8.184004274626046,33.11580962900515
2002-02-24,79.79669532520246,19.59631133315173,-9.000031796267466,34.06522349787027
2002-02-25,80.30177174451197,20.099749328042257,-10.162290108486411,33.5376786109673
2002-02-26,78.75812011881587,19.66180086225817,-11.772134630866601,34.395645626841024
2002-02-27,77.26412776907395,19.666447739722678,-13.131144665353908,33.67326584770832
2002-02-28,77.44211738102958,18.555026430296703,-12.817026830462348,33.426727340600124
2002-03-01,77.42883236764959,21.145394371972987,-12.111111697384095,33.634407667503766
2002-03-02,77.88358238652428,21.852419007772788,-13.497315877837607,35.08808170663371
2002-03-03,76.12719763619262,22.246154288014047,-12.585038139710331,36.52079886472566
2002-03-04,76.2489681326947,21.770192834949714,-12.275996791475688,34.292618594714625
2002-03-05,75.71366168260948,22.619383144492897,-10.879616011932576,34.04821148936663
2002-03-06,75.54513451540763,24.587194708003754,-11.620229410473437,32.45166279699728
2002-03-07,74.81851324011727,22.279540766375092,-9.97005025755476,31.909110177454266
2002-03-08,76.05929359452956,18.884939847805175,-9.054733134519573,31.99986448110181
2002-03-09,76.93163902136882,19.383312654014762,-9.051061674500424,31.442605413811094
2002-03-10,77.56318107919839,19.689256629406817,-8.608764749892641,32.5158643911701
2002-03-11,77.67320982661776,18.86557556706324,-9.905736320409673,32.538439857791644
2002-03-12,78.09863902630043,20.24075209365911,-10.921990671533761,33.18276924884333
2002-03-13,77.58028791155793,19.32873082942018,-9.914672052304434,33.6062900960302
2002-03-14,78.1610773276754,18.902221149061432,-10.419543568033252,32.67371914964714
2002-03-15,79.90742157264003,18.465411482513225,-10.489134330311126,33.09328926272475
2002-03-16,81.4358603830999,21.120597065445303,-10.196234127912676,32.54582631902236
2002-03-17,82.49515272447985,21.188053945600423,-8.94266803680434,33.29963108973682
2002-03-18,82.97557118639551,22.45643186496566,-7.688436044982122,33.428752804642414
2002-03-19,83.2588808955934,20.710942401703395,-8.101945736404645,34.15045574982138
2002-03-20,83.68277365087695,21.25056905816191,-9.578248006205035,33.71192576043632
2002-03-21,83.16777411023614,20.597712894011053,-8.673820806881645,32.273871597207375
2002-03-22,83.79610275080518,21.58686971098184,-9.737009283484518,33.60003051914148
2002-03-23,84.47679391768729,21.32685044654388,-9.143807239205657,34.09883572868683
2002-03-24,85.1501838266317,18.087258896128816,-9.639700640045088,32.81198610998511
2002-03-25,85.6523270942208,16.186766858540146,-10.593193366684407,31.901390356704688
2002-03-26,85.64875739159324,16.1355840486447,-10.491385480969619,32.15139374127701
2002-03-27,85.8326386362358,16.275449810496614,-9.739904797189073,31.918129261425022
2002-03-28,86.67411109262535,14.915692597511118,-9.665574461856188,29.61295819938436
2002-03-29,88.72370210488262,14.746055171682556,-10.142767736698964,29.410685251431346
2002-03-30,89.06840746541175,14.5374517448779,-10.395479227816523,30.386873261028853
2002-03-31,88.97766699375643,13.739452512938971,-10.243208904546448,30.06525889618273
2002-04-01,89.69142139574049,13.978456269606287,-11.09215213449326,29.473958991510077
2002-04-02,89.86457071095683,12.744925125804032,-10.615663845298865,28.47185832814286
2002-04-03,90.73987132502586,11.696064980664131,-9.511765356353465,29.725866028294057
2002-04-04,89.42988484882243,9.71578723778357,-7.565569676898065,31.148125912898866
2002-04-05,88.35167247325998,8.439512768600114,-6.374048213723926,30.44793659860564
2002-04-06,88.23360013416087,8.223214341104368,-9.105170981592211,30.363638213797685
2002-04-07,88.35757458967434,9.526938384848235,-6.658875981757653,30.467300841686583
2002-04-08,88.95198927998403,9.453027596691014,-6.085645212511961,29.476459249217086
2002-04-09,88.61811620217637,10.564382778262269,-5.5778837053777695,29.840824634075563
2002-04-10,88.95376890847344,8.279423955494305,-6.096154587365048,27.603350135885965
2002-04-11,89.11294664761061,8.057456041255557,-4.994421611350972,29.703272186935642
2002-04-12,88.0023000430125,6.223165471484826,-4.63889850426695,30.514952895789175
2002-04-13,88.59637317742234,4.141652273718483,-5.3132418536215225,29.345554541873742
2002-04-14,89.71956211203931,4.815134813255803,-5.934800739876814,27.767882221033343
2002-04-15,90.5183781039885,5.528240784056234,-7.493497077074348,27.084930972545287
2002-04-16,91.2855870320483,4.889748218762747,-7.682321312808166,26.95030614166642
2002-04-17,93.17845271409384,5.6483808127632145,-6.722119865783778,26.70264210774062
2002-04-18,91.9461039853615,6.646835957636224,-6.305652126338711,25.689312712851063
2002-04-19,91.7203866737346,6.53824337054544,-5.520692043249738,26.170325654864346
2002-04-20,91.8969575511332,5.382828076954831,-6.605424167058127,26.578640666828704
2002-04-21,91.32545923576329,6.313183551650301,-5.824684945806608,26.97958936515948
2002-04-22,91.80049649969462,4.8048115345900655,-7.98267265255191,27.390868012146402
2002-04-23,91.24177207272614,4.604774623175967,-9.103220510298499,26.016780897352845
2002-04-24,91.21412798597635,4.479876624683872,-11.242376283998004,26.504879450608083
2002-04-25,88.95075990111195,5.135548985964654,-11.314858376400496,27.19298648126229
2002-04-26,89.4455249564335,5.910457566049725,-11.224293379229985,25.62577626327895
2002-04-27,90.37046343199209,4.929592427300647,-10.896370440691193,24.89264124344475
2002-04-28,91.82993303434142,5.991141484867489,-10.67455236422412,24.945742906309597
2002-04-29,91.99979603384092,7.795495921778588,-11.788299941564967,25.511340655161888
2002-04-30,92.36489538107631,7.780762804799358,-10.380650176177394,24.88733398653333
2002-05-01,94.68347211618251,8.618643195009568,-10.791069199229733,25.816779970344417
2002-05-02,94.29327540373687,7.844628770271435,-11.61710296413481,25.941670648909223
2002-05-03,91.90826699868997,6.4409218013870255,-14.06263575459878,25.934481998616537
2002-05-04,92.66720870343265,6.454223468777615,-13.392586330077421,25.160747801775194
2002-05-05,91.61092662384033,8.174378604714816,-13.784532674200683,26.155479668287175
2002-05-06,89.80034965674903,6.691693522830797,-15.860036226810074,26.374387188816886
2002-05-07,88.12002608949486,5.2493135379412985,-15.920753410605627,25.830696357083045
2002-05-08,88.91642511959095,4.214119833623533,-15.433897491228032,25.829922881030498
2002-05-09,90.02805696491136,7.1445013961784625,-14.138768084349877,25.272372410356585
2002-05-10,90.33094041872073,5.714336936578589,-14.709159761266063,25.495027858314575
2002-05-11,89.45546541413965,6.558648595771908,-16.145685237845367,24.426597735123096
2002-05-12,89.3858750841438,5.3757975079201845,-16.47734166534676,23.10953538449649
2002-05-13,89.25040227623775,5.257658938827068,-18.056579009024343,21.698215756849084
2002-05-14,88.48954562930807,5.697088916679409,-17.487342007862175,21.30402090659669
2002-05-15,87.39828726276714,8.304905192144611,-15.738248686858528,20.931804530473197
2002-05-16,87.74973771303434,8.43083705454358,-15.431529841455818,20.819563669684307
2002-05-17,87.95615321795694,8.109103659189612,-15.202716033075063,20.86996939847545
2002-05-18,87.30506042212082,8.069355691585287,-14.348431097906179,20.83058211632101
2002-05-19,88.00861693275026,9.184929224544238,-15.762133192036554,21.10531768719972
2002-05-20,86.37925553757503,7.758466531591561,-15.196470349778934,20.174197168909583
2002-05-21,86.44019493373645,8.654051877465697,-14.444581340026541,18.598381666785095
2002-05-22,88.98314517131062,8.912238764326222,-15.746949867780932,19.32997183285001
2002-05-23,89.05010276053967,8.325502377147716,-16.139799825167238,20.26348101848805
2002-05-24,90.64928842385,9.267545328938365,-15.466403250616263,22.27417767056914
2002-05-25,91.60705444235542,9.697253696923713,-15.11862229950361,21.54782242820815
2002-05-26,89.7973106164401,9.694636219359065,-15.879344969997407,22.030474000261105
2002-05-27,88.82818636786551,9.666587647614893,-16.06605591425289,22.56321634204475
2002-05-28,88.42143193672082,8.346046262090162,-15.656811743447816,21.567578812012073
2002-05-29,89.93991903232342,8.02602737052922,-17.50856610486924,20.81939313681845
2002-05-30,91.05057926486253,9.34320657711384,-16.479592635715257,20.250929508927314
2002-05-31,92.0697213143913,8.825907964356956,-16.143759334194232,19.090498660027272
2002-06-01,91.23240133622534,8.529565299513338,-14.600108344908739,19.272054497890426
2002-06-02,92.94617389249665,9.596567465420012,-14.600840997847351,18.68533070018795
2002-06-03,93.8931662318257,11.542986925747694,-13.868175117525443,18.92620213686963
2002-06-04,92.61076872960064,11.953557051093055,-13.808875348633233,19.686218130304486
2002-06-05,93.17433441843811,11.897869179026031,-13.09262749338768,20.502218297881296
2002-06-06,94.10337885133075,13.213200388793503,-13.765022099729073,20.90451261609147
2002-06-07,93.26002037787411,13.397574467791866,-15.357052052384015,21.083172218484634
2002-06-08,92.11379770301066,13.83254887654224,-16.91355101590704,21.11410952373457
2002-06-09,92.05061835308521,12.464695221108398,-15.951392398815862,20.405202778302797
2002-06-10,93.32595938662944,11.908044139373139,-15.290281895768228,22.86191598643876
2002-06-11,94.26522569768396,12.156519459537403,-14.766177090260044,21.366338118947045
2002-06-12,96.46882440197912,12.288706065780177,-14.175292549394701,21.4441302149505
2002-06-13,96.21439865508869,12.05423618192503,-16.28927403071332,20.46103865166628
2002-06-14,94.99539440380946,12.265283000904455,-16.253332858509047,20.30474198977559
2002-06-15,94.14045158901878,11.338719858683028,-17.044468493710358,20.937726508614816
2002-06-16,96.0702441237437,9.886266672945341,-16.585334931354545,21.361761142022907
2002-06-17,96.18074695889933,8.509030958451216,-16.932130424795282,21.39049239788812
2002-06-18,97.23367951522236,7.423520758024751,-13.748504629930542,22.023246406330937
2002-06-19,96.03089892899453,6.7376639677008825,-13.255666668429255,23.94391082510738
2002-06-20,95.28401054912649,6.574495515456292,-14.00372070981258,23.509396441778257
2002-06-21,95.09817369004851,8.203012477627947,-13.107414272176502,26.47114668434572
2002-06-22,95.69613461728218,8.120389268893193,-12.54115081310667,26.511510602848222
2002-06-23,96.4153743446285,8.180186476414182,-12.35798205574554,26.884340877533873
2002-06-24,96.88556033991526,8.33378226099875,-12.414385670803725,26.222454156906696
2002-06-25,97.79620578722285,8.896230970210505,-14.38547578727684,26.62050795612277
2002-06-26,95.36257754437482,6.8379156878756895,-15.409328558436997,27.879126842548377
2002-06-27,95.94994483982444,6.202649533686295,-16.721510687862857,27.78217041163404
2002-06-28,96.55591817673763,6.060241575392818,-16.40131550133409,27.959472136394183
2002-06-29,96.50103296595269,7.308045485193508,-16.381463800742527,28.279929176556912
2002-06-30,97.24476660924773,7.721120437557984,-14.912627271116426,26.094876161434808
2002-07-01,98.4037035071882,6.590403999088337,-15.712721146241364,26.833311502795198
2002-07-02,97.27832979046774,8.652249980464866,-16.78985999557521,26.365749183233362
2002-07-03,96.86311542901537,9.405177743476361,-16.70933367220452,25.072965792899517
2002-07-04,95.62463962534387,10.062571150738574,-19.037429326663244,24.657709534379592
2002-07-05,93.02294285161692,8.876393078928789,-19.020075823257233,26.529008550457334
2002-07-06,93.83637396870725,9.816027977144032,-20.096208198903348,25.443126438550113
2002-07-07,94.24673411080325,10.793111309409325,-21.10743249072439,27.339586893266173
2002-07-08,95.54933443149717,10.475917153896269,-21.52711475426925,26.933272579499096
2002-07-09,95.78225796943245,9.866055897291469,-22.15215627384319,25.016805286590554
2002-07-10,95.67249240447397,10.891328564940142,-21.043265344784423,25.03989862410361
2002-07-11,97.02868108047531,12.06486582625728,-20.6326643720313,24.970304514846912
2002-07-12,96.312901062658,10.936909053035865,-20.25452000538125,26.326642776607528
2002-07-13,94.42827091570993,9.21742562090867,-20.932237032550912,26.1046390434104
2002-07-14,95.55730856550467,9.072354354469086,-21.624268086547012,26.45779185046807
2002-07-15,97.13239294964481,9.82249931268198,-22.18673921481093,25.76629492999733
2002-07-16,96.72456267420988,9.765301561766176,-22.840459927410382,25.311805175153456
2002-07-17,98.5620893615925,9.059696416077156,-21.734385345488466,25.777630119432757
2002-07-18,99.14034732771432,8.210321270599716,-22.304861436013937,26.497085111724573
2002-07-19,98.62438692693735,7.86364440245069,-22.59358170995006,26.464035364241695
2002-07-20,98.43921512922152,8.35862156523481,-22.781285563448368,26.994590459249867
2002-07-21,98.92380641081905,8.085822064863532,-23.728163843118093,25.911762747373796
2002-07-22,98.33964703376728,8.93338560205997,-25.23481496049136,26.109375067310253
2002-07-23,97.69532196485632,8.654653094326529,-25.873446841836838,26.516262255533874
2002-07-24,96.91312964576069,9.626846387025461,-23.73599940468012,26.6424817674945
2002-07-25,97.86393572732011,9.33671553734777,-23.426473949925406,26.848271847375425
2002-07-26,98.85745623022487,8.216822225116179,-23.51600941336519,28.498832602049568
2002-07-27,97.93478699482174,9.402845055794595,-23.04608891037586,27.142181364274553
2002-07-28,98.48764329445177,9.236366226758445,-21.23985514100519,27.388280083954996
2002-07-29,99.15009284603447,8.924966165422175,-19.648590590344874,28.172546953552857
2002-07-30,100.9028567791715,9.134949443017,-18.727778986748493,27.537669339222344
2002-07-31,100.47297935540652,8.263776358960756,-18.94947528392034,28.88618712525563
2002-08-01,100.93500650247773,7.588632568162261,-18.428167412127625,29.96073781561174
2002-08-02,102.18961182771272,6.350902226670562,-18.890222209305005,31.608212628553105
2002-08-03,101.90450542742632,7.348092627413438,-17.405026954859313,32.74650927833225
2002-08-04,102.8602826341087,6.390136959464351,-17.436774280933903,32.86506094756705
2002-08-05,104.08200214343893,5.961248664026643,-20.612243014522853,31.611662115112793
2002-08-06,102.98466778942752,5.45721135532794,-20.925751853217346,34.89574981293505
2002-08-07,103.38229191528708,6.258429966342561,-21.25931567799861,34.01925989822289
2002-08-08,103.59287012789785,6.4017753896576854,-21.60949842963828,34.55180652414362
2002-08-09,102.47156863734426,7.593246465002653,-19.785911235347573,33.79592649834927
2002-08-10,103.05675776004969,6.036360926013014,-20.72614119108908,34.95179072789142
2002-08-11,104.01051864728898,5.7462630229493605,-21.21750009060307,34.29624817862277
2002-08-12,104.74581844350459,5.864703896933827,-21.260112439717183,33.71251364860953
2002-08-13,105.24089570563768,6.091911592551821,-21.38120676823969,33.71944276234395
2002-08-14,105.89954722203223,5.334187166651732,-22.439523954380594,32.58842867937242
2002-08-15,105.58210903902746,5.975787453304881,-21.86833474300418,34.54441452146293
2002-08-16,106.10482416208254,5.400901065273549,-20.622818560020946,33.69066110702978
2002-08-17,105.3665563363564,6.265509673702524,-21.500227737798674,32.66499729015232
2002-08-18,105.48121794162445,6.434236028584349,-21.080339932386586,33.04185487837459
2002-08-19,105.25484210659639,7.463416783897424,-22.483681960344573,31.466448634133265
2002-08-20,106.45441716938015,9.122718903095567,-22.355466722450238,28.94911360801217
2002-08-21,105.52243936696175,10.202986069611036,-24.370666233010027,29.253183993435165
2002-08-22,105.69072891120993,9.913392978892405,-23.84256254628701,29.210870309423548
2002-08-23,103.1419740848055,9.767112093335845,-24.588794890804927,28.785672031644275
2002-08-24,104.42569495951938,9.523420289519274,-23.59057813392979,27.512357997651176
2002-08-25,104.70957796969843,9.209203730859668,-25.01093741292823,25.86332833084916
2002-08-26,104.72146861991347,8.831605903643162,-25.462885635911764,26.015073908919486
2002-08-27,103.76067085562738,9.30132748741706,-25.90816202245721,25.706977912150823
2002-08-28,103.83973456282422,9.35954653220515,-25.306329166009547,25.358655592718236
2002-08-29,104.49717795755988,9.027622768534156,-23.65241327715471,25.73418629750436
2002-08-30,102.96602174744301,9.20730391072021,-24.50395286262223,26.42431124915623
2002-08-31,101.7091745552408,8.475141910740188,-21.919978364526564,26.34937078108403
2002-09-01,101.4385833717478,8.877809698846086,-22.444587057223604,26.802744148832854
2002-09-02,102.88125570789403,9.455653197882954,-23.358027255036497,26.206769427752413
2002-09-03,102.83720491792923,9.071893840567192,-24.73215410245985,25.897800704544753
2002-09-04,102.25252669591579,9.606447137370733,-24.03402553992833,24.76820277566882
2002-09-05,103.85476939124585,9.976173572726845,-24.376799286617132,23.560180843906235
2002-09-06,103.28427994380321,8.191958185435116,-25.183195127775264,24.24203578672878
2002-09-07,101.42363805534721,6.295028251687231,-24.22487525119094,21.929353881169963
2002-09-08,101.19530117416582,6.461368255318968,-24.46506594120736,21.26134780024231
2002-09-09,100.89205460250929,6.266357097331235,-24.883653480653066,22.104338011590777
2002-09-10,101.20020059700164,6.6219856510451836,-22.513673312761647,22.222743530977088
2002-09-11,99.86544866638951,5.783143502458485,-22.724796021794386,22.581083609543644
2002-09-12,99.28234349945437,6.473610681934483,-22.291761959971605,23.0054844060149
2002-09-13,97.33635650868794,5.155217656920904,-21.916282819110545,23.38947643863792
2002-09-14,97.41304564611434,6.198282268913825,-22.857718903305873,21.759219174635273
2002-09-15,96.44220679273114,5.958289955253358,-24.554741102061463,23.63666504241529
2002-09-16,96.81925163698175,6.447362741572246,-25.713382091907942,24.909444410983557
2002-09-17,95.91362943115412,6.290649299406416,-26.262554152659504,23.211078833925114
2002-09-18,96.90496410566209,5.560616293955247,-25.594828445494894,22.921081080414165
2002-09-19,96.37957774114642,5.499576633004872,-25.51359630451311,22.420766716334324
2002-09-20,97.34614589047874,4.921407880248247,-26.916694551448888,20.730820708590166
2002-09-21,96.84632554661567,4.496813803927611,-28.27291643434339,19.409040187078713
2002-09-22,96.17790969834729,4.627849458013626,-27.625413648277153,18.791679405893547
2002-09-23,97.74356321948262,3.033533826137834,-27.040497799683706,21.30833460937733
2002-09-24,97.3034944717313,3.22330488453928,-26.47181731476345,21.684477220061147
2002-09-25,96.35230235259131,3.5929419302173655,-25.938290352660378,21.772166263384687
2002-09-26,96.70258445638785,3.1022638851005455,-25.24749382766261,21.289620523314134
